AAV	29m 04ch	40m 57ch	SW260
ABD	16m 20ch	22m 01ch	GW834
ABE	0m 00ch	4m 08ch	LN185
ABE1	0m 00ch	4m 04ch	LN185
ABE2	0m 36ch	0m 39ch	LN185
ABW	0m 00ch	0m 64ch	GW300 to 26 March 2021
ABW	0m 00ch	0m 64ch	MD900 from 27 March 2021
ACD	0m 00ch	0m 25ch	LN190
ACR	56m 35ch	85m 67ch	SO220
ACW	0m 00ch	0m 35ch	MD170
AEG	0m 00ch	0m 28ch	NW2007
AFE	0m 00ch	0m 25ch	GW732
AFL	0m 00ch	0m 40ch	NW8007
AFR	112m 03ch	118m 42ch	GW4501
AGW	0m 00ch	0m 73ch	SO307
AHG	1m 78ch	2m 50ch	SW218
AHX	0m 00ch	0m 37ch	NW6003
AJB	0m 00ch	0m 77ch	SW257
AJM1	137m 61ch	145m 27ch	LN3246
ALC1	0m 00ch	5m 00ch	MD340
ALC2	5m 00ch	13m 37ch	MD340
ALK	22m 01ch	22m 23ch	GW834
AMB	11m 64ch	16m 03ch	GW454
AMJ	0m 00ch	0m 40ch	NW5013
AML	0m 00ch	0m 62ch	LN3264
ANI1	0m 00ch	53m 05ch	SC195
ANI2	0m 00ch	30m 40ch	SC195
ANI3	119m 26ch	143m 39ch	SC195
ANL	3m 24ch	8m 60ch	GW110
ANL	8m 60ch	10m 15ch	MD705
ANN	39m 42ch	50m 16ch	SC087
APB	132m 76ch	133m 21ch	LN3270
APL	64m 58ch	73m 65ch	SO210
ARG1	0m 00ch	0m 43ch	SC025
ARG2	0m 43ch	4m 74ch	SC025
ARH	30m 44ch	31m 35ch	SC077
ATH	56m 20ch	82m 33ch	SO200
ATL	3m 47ch	7m 35ch	SO645
AWL	0m 39ch	0m 49ch	EA1310
AWL	0m 00ch	0m 39ch	GW130
AWP	0m 00ch	0m 24ch	LN920
AYH1	0m 00ch	0m 17ch	SC085
AYR1	0m 00ch	6m 53ch	SC059
AYR2	6m 73ch	7m 03ch	SC059
AYR3	7m 03ch	23m 00ch	SC059
AYR4	23m 00ch	33m 08ch	SC059
AYR5	0m 00ch	2m 15ch	SC059
AYR6	32m 05ch	40m 49ch	SC059
BAC2	149m 53ch	152m 21ch	LN774
BAC3	154m 15ch	155m 06ch	LN774
BAE1	50m 21ch	83m 72ch	SW115
BAE2	84m 00ch	172m 04ch	SW115
BAE2	164m 30ch	172m 04ch	GW610
BAG1	42m 38ch	47m 48ch	MD306
BAG2	52m 57ch	92m 21ch	GW400
BAG2	92m 21ch	92m 68ch	GW700
BAG2	46m 42ch	77m 40ch	MD306
BAG2	77m 40ch	92m 21ch	GW401
BAH2	46m 56ch	52m 58ch	LN868
BAK	5m 71ch	7m 56ch	SC039
BAL	0m 00ch	8m 10ch	GW874
BAR	100m 44ch	110m 18ch	LN744
BAW	128m 75ch	129m 49ch	GW456
BBB	10m 55ch	24m 08ch	NW6011
BBJ	4m 69ch	11m 64ch	SO650
BBM	0m 00ch	16m 07ch	MD140
BBM	0m 00ch	16m 50ch	LN3140
BBR	22m 35ch	25m 75ch	SO640
BBW	0m 00ch	1m 17ch	LN861
BCB	0m 00ch	116m 44ch	LN220
BCH	16m 39ch	20m 38ch	SC135
BCJ	126m 40ch	127m 19ch	LN3535
BCV	125m 73ch	128m 11ch	MD401
BDH	0m 00ch	1m 03ch	LN3222
BDN	0m 00ch	0m 18ch	MD175
BEA	51m 58ch	56m 60ch	MD310
BEC	0m 00ch	4m 22ch	LN786
BEJ	0m 00ch	2m 35ch	NW9001
BEJ	2m 35ch	19m 09ch	NW9021
BEN	4m 40ch	7m 18ch	NW8015
BEW	46m 56ch	48m 06ch	LN816
BEX	5m 74ch	15m 36ch	SO300
BEX	5m 54ch	5m 74ch	SO333
BFB	0m 00ch	9m 11ch	GW510
BFC	0m 00ch	0m 63ch	EA1744
BFO	0m 00ch	0m 68ch	MD735
BFO	0m 68ch	1m 48ch	MD740
BFO	0m 68ch	1m 48ch	MD741 from 6 May 2023
BGD	0m 02ch	4m 39ch	SC201
BGE	0m 00ch	0m 32ch	LN666
BGK	1m 14ch	30m 27ch	EA1160
BGK	30m 27ch	71m 63ch	EA1161
BGK	71m 63ch	96m 74ch	EA1162
BGL1	93m 09ch	94m 10ch	GW400
BGL1	93m 09ch	94m 10ch	GW401
BGL2	94m 60ch	121m 28ch	GW400
BGL2	94m 60ch	121m 28ch	GW401
BGL2	120m 03ch	122m 65ch	GW440
BHI	156m 16ch	158m 76ch	NW1009
BHL	37m 62ch	81m 16ch	GW500
BHP	0m 00ch	0m 65ch	LN215
BIB	0m 00ch	0m 17ch	LN932
BJN1	9m 36ch	9m 70ch	SO655
BJN2	9m 48ch	9m 75ch	SO655
BJR	2m 05ch	4m 69ch	GW773
BJW1	0m 00ch	0m 65ch	MD345
BJW2	5m 41ch	6m 79ch	MD345
BJW3	19m 00ch	23m 33ch	LN3340
BJW3	16m 47ch	19m 00ch	MD340
BJW3	12m 15ch	16m 47ch	MD350
BKE	36m 17ch	37m 62ch	GW500
BKE	37m 76ch	51m 39ch	SW125
BKE	36m 17ch	37m 76ch	SW210
BKR	7m 70ch	10m 32ch	EA1395
BKS	0m 00ch	20m 49ch	LN758
BLC	1m 08ch	1m 37ch	LN790
BLI1	0m 00ch	19m 25ch	SO630
BLI2	60m 57ch	62m 03ch	SO630
BLJ	161m 20ch	161m 67ch	LN812
BLL	117m 50ch	117m 73ch	GW530
BLP	93m 25ch	98m 16ch	SW160
BLW	0m 00ch	0m 30ch	GW350 to 26 March 2021
BLW	0m 00ch	0m 30ch	MD950 from 27 March 2021
BME1	0m 00ch	0m 25ch	SO240
BME2	82m 18ch	99m 05ch	SO240
BMJ	0m 62ch	1m 14ch	SO282
BML1	0m 00ch	3m 74ch	SW100
BML1	3m 74ch	77m 68ch	SW105
BML2	78m 00ch	136m 15ch	SW105
BML3	162m 14ch	168m 62ch	SW105
BNC	0m 00ch	0m 19ch	GW750
BNE	0m 00ch	2m 53ch	LN694
BNG	8m 65ch	10m 47ch	SO350
BNN	69m 48ch	70m 76ch	MD175
BNW	0m 00ch	0m 20ch	LN664
BOC1	5m 21ch	7m 51ch	LN778
BOH	0m 00ch	0m 44ch	LN644
BOK1	2m 22ch	5m 10ch	EA1320
BOK2	0m 00ch	5m 13ch	EA1310
BOK3	5m 13ch	5m 48ch	EA1310
BOK4	0m 00ch	0m 66ch	EA1310
BOK5	0m 66ch	2m 52ch	EA1310
BOK5	2m 52ch	3m 61ch	EA1330
BOK6	9m 47ch	10m 01ch	SW240
BOO	4m 43ch	6m 17ch	LN876
BPC	129m 53ch	137m 51ch	LN3258
BPH	4m 29ch	5m 18ch	MD175
BPP	0m 00ch	0m 23ch	NW7023
BRA	17m 71ch	24m 15ch	EA1070
BRB	0m 00ch	2m 67ch	GW178
BRI1	99m 20ch	100m 44ch	LN742
BRI2	100m 44ch	104m 05ch	LN742
BRL	0m 00ch	1m 09ch	GW528
BRY	0m 10ch	8m 77ch	GW830
BSC	0m 00ch	2m 05ch	LN3605
BSF	0m 72ch	1m 75ch	SO259
BSG	0m 00ch	0m 52ch	MD745
BSJ	4m 79ch	5m 04ch	NW2027
BSN	0m 00ch	0m 56ch	NW4027
BSP1	0m 73ch	1m 58ch	SO255
BSP2	1m 63ch	2m 20ch	SO252
BSW	0m 31ch	4m 50ch	GW450
BSW	4m 50ch	5m 61ch	GW540
BSW	5m 61ch	10m 47ch	GW600
BSW	10m 47ch	16m 44ch	GW900
BTC	7m 13ch	8m 62ch	SO305
BTH1	1m 49ch	13m 45ch	SO680
BTH2	14m 66ch	19m 03ch	SO680
BTH3	14m 27ch	35m 35ch	SO680
BTH3	14m 27ch	35m 35ch	SW180
BTH3	18m 10ch	22m 08ch	SW183
BTJ	160m 52ch	161m 24ch	LN809
BTL	0m 00ch	8m 03ch	SO620
BUT	0m 00ch	0m 33ch	GW8001
BUX	0m 00ch	4m 70ch	NW9019
BWC	0m 00ch	4m 14ch	LN702
BWO2	0m 00ch	0m 57ch	LN700
BYL	0m 00ch	0m 60ch	SC081
CAL	0m 02ch	4m 40ch	GW637
CAM	0m 67ch	24m 47ch	GW830
CAM	0m 02ch	0m 67ch	GW839
CAN	245m 10ch	245m 65ch	GW930
CAR	1m 22ch	24m 00ch	GW810
CAT	3m 08ch	10m 73ch	SO260
CAW	5m 19ch	5m 72ch	LN3219
CAW	5m 72ch	6m 03ch	EA1360
CBC1	0m 00ch	74m 73ch	NW4033
CBC2	0m 00ch	12m 05ch	NW4033
CBC3	0m 00ch	27m 49ch	NW4033
CBD1	0m 00ch	1m 33ch	SC103
CBD2	97m 09ch	103m 41ch	SC103
CBI	0m 00ch	0m 53ch	LN3214
CBM	0m 00ch	0m 38ch	SO120
CBR1	0m 00ch	1m 26ch	MD565
CBR2	36m 04ch	47m 54ch	MD565
CCB1	0m 00ch	1m 63ch	LN3640
CCG2	16m 61ch	18m 09ch	MD125
CCH	0m 23ch	40m 49ch	EA1530
CCL	115m 33ch	138m 30ch	GW500
CCS1	13m 30ch	14m 06ch	NW8017
CCS2	14m 06ch	15m 40ch	NW8017
CDC1	0m 03ch	14m 10ch	SC181
CDC2	44m 18ch	45m 66ch	SC181
CDM1	7m 05ch	8m 00ch	NW3023
CDM1	6m 77ch	8m 00ch	NW3027
CDM2	7m 69ch	35m 41ch	NW3023
CEC	0m 04ch	0m 25ch	NW9903
CEH	0m 00ch	0m 37ch	NW7005
CEJ	0m 00ch	0m 22ch	GW830
CEM	9m 08ch	11m 09ch	LN790
CFM	10m 31ch	15m 62ch	LN902
CFP	3m 12ch	3m 20ch	EA1320
CFP	3m 20ch	4m 33ch	LN110
CGJ1	159m 00ch	176m 00ch	NW1001
CGJ2	176m 00ch	181m 76ch	NW1001
CGJ3	181m 76ch	185m 49ch	NW1001
CGJ4	185m 49ch	187m 76ch	NW1001
CGJ5	0m 53ch	21m 57ch	NW1001
CGJ6	0m 00ch	0m 33ch	NW1001
CGJ6	0m 00ch	20m 78ch	NW4001
CGJ7	0m 00ch	69m 09ch	NW4001
CHL	92m 21ch	93m 09ch	GW400
CHL	92m 21ch	93m 09ch	GW401
CHM	0m 00ch	0m 15ch	EA1350
CHR	146m 58ch	162m 24ch	LN806
CHS	0m 00ch	1m 53ch	LN868
CHW1	16m 16ch	17m 23ch	NW1019
CHW1	0m 00ch	16m 16ch	NW3003
CHW2	17m 23ch	17m 76ch	NW1019
CIL	156m 20ch	158m 24ch	NW1015
CJA1	36m 34ch	37m 00ch	SO580
CJA2	0m 00ch	1m 14ch	SO580
CJC	4m 38ch	10m 33ch	EA1200
CJL	0m 37ch	0m 68ch	SO250
CJS	160m 59ch	166m 70ch	LN842
CJS	160m 08ch	160m 59ch	LN846
CKL	1m 67ch	2m 51ch	SO250
CKT	0m 00ch	0m 48ch	SC167
CLL	0m 00ch	0m 26ch	GW850
CLY	101m 01ch	102m 16ch	SC029
CMD1	0m 00ch	16m 00ch	NW5009
CMD2	15m 65ch	38m 61ch	NW5009
CMM	4m 74ch	12m 44ch	GW923
CMP1	158m 76ch	162m 28ch	NW1009
CMP1	158m 18ch	182m 38ch	NW5001
CMP2	182m 38ch	188m 70ch	NW5001
CMS	-0m 02ch	0m 40ch	SC109
CNB1	161m 05ch	168m 39ch	NW9005
CNB2	0m 00ch	0m 30ch	NW9005
CNB3	161m 15ch	164m 32ch	NW9005
CNB4	164m 32ch	164m 73ch	NW9005
CNB4	164m 52ch 2019 revised mileage	165m 12ch 2019 revised mileage	NW9005
CNC	0m 00ch	0m 45ch	SC057
CND1	0m 00ch	0m 36ch	SC063
CND2	0m 36ch	1m 54ch	SC063
CNH1	158m 18ch	178m 67ch	NW3001
CNH2	178m 62ch	179m 56ch	NW3001
CNH3	179m 56ch	263m 57ch	NW3001
CNL	1m 05ch	7m 00ch	SC061
CNN	0m 00ch	9m 53ch	MD410
CNS	0m 70ch	1m 12ch	EA1020
CNW	0m 00ch	0m 19ch	GW940
CNX	2m 03ch	9m 29ch	GW454
COC	51m 65ch	69m 56ch	EA1090
COL	188m 48ch	190m 28ch	NW6001
CON1	0m 00ch	0m 19ch	SC069
CON2	22m 59ch	23m 17ch	SC069
CON3	22m 59ch	24m 31ch	SC069
COS1	14m 15ch	15m 29ch	SC021
COS2	0m 00ch	0m 09ch	SC021
CPH	0m 00ch	1m 78ch	SC153
CPI1	8m 21ch	8m 50ch	NW7005
CPI2	8m 50ch	9m 04ch	NW7005
CPL	0m 00ch	0m 25ch	GW860
CPM1	56m 42ch	59m 02ch	LN875
CPM2	0m 00ch	0m 61ch	LN875
CRA	16m 11ch	16m 41ch	SO315
CRC1	5m 10ch	5m 23ch	EA1320
CRC2	5m 23ch	5m 42ch	EA1320
CRC2	5m 42ch	5m 78ch	MD145
CRE	28m 77ch	33m 45ch	SC189
CRF1	0m 00ch	0m 20ch	LN115
CRL	271m 08ch	281m 57ch	GW900
CRR1	0m 19ch	7m 70ch	NW3011
CRR2	7m 70ch	13m 39ch	NW8013
CRS	42m 71ch	45m 64ch	EA1490
CRY	0m 15ch	2m 58ch	GW828
CSG	157m 26ch	157m 55ch	NW1013
CSM1	11m 33ch	11m 71ch	SO132
CSM2	11m 33ch	11m 66ch	SO132
CSM3	11m 69ch	12m 30ch	SO132
CSN	0m 00ch	0m 21ch	SC116
CSP	73m 37ch	74m 10ch	SC005
CSW	1m 35ch	1m 49ch	SO125
CTC	0m 00ch	5m 19ch	SC051
CTL	0m 00ch	0m 50ch	LN870
CVA	0m 07ch	4m 09ch	NW4043
CVS	0m 00ch	0m 24ch	NW3009
CWH1	13m 71ch	22m 76ch	SC173
CWH2	0m 00ch	0m 70ch	SC173
CWH3	27m 00ch	34m 62ch	SC173
CWH3	34m 62ch	35m 38ch	SC178
CWJ	1m 36ch	17m 56ch	MD120
CWK1	1m 60ch	3m 00ch	NW8011
CWK2	3m 00ch	4m 40ch	NW8011
CWK3	4m 40ch	10m 46ch	NW8011
CWL1	20m 01ch	20m 12ch	GW910
CWL2	0m 00ch	59m 14ch	GW910
CWR	0m 43ch	0m 73ch	GW628
CWS	10m 66ch	11m 04ch	LN800
CYA	13m 72ch	15m 08ch	GW819
CYC	167m 55ch	168m 32ch	NW9003
CYD	0m 00ch	1m 36ch	SO118
DAC	173m 50ch	179m 26ch	GW606
DAC	179m 26ch	183m 79ch	GW608
DAC	183m 79ch	199m 39ch	GW609
DAC	220m 00ch	227m 22ch	GW637
DAE1	0m 00ch	8m 29ch	LN678
DAE2	8m 29ch	14m 47ch	LN678
DAE3	0m 00ch	15m 79ch	LN678
DAP	0m 00ch	0m 76ch	NW4041
DBP1	0m 00ch	23m 30ch	LN3501
DBP1	23m 30ch	29m 39ch	MD501
DBP2	29m 39ch	33m 23ch	MD501
DBP3	34m 43ch	41m 59ch	MD501
DBP3	31m 69ch	34m 43ch	MD555
DCF	32m 53ch	34m 05ch	LN126
DCL	53m 12ch	75m 00ch	GW200
DCL	75m 00ch	126m 59ch	MD401
DCL	126m 59ch	132m 47ch	MD435
DEC	52m 69ch	53m 71ch	GW240
DEX	123m 72ch	124m 28ch	LN3645
DFN	53m 06ch	53m 36ch	SC199
DHF	0m 68ch	1m 71ch	MD735
DHF	0m 68ch	1m 71ch	MD736
DJH	11m 09ch	34m 66ch	NW7013
DJO1	4m 10ch	5m 28ch	NW5013
DJO2	0m 53ch	1m 24ch	NW5013
DJP	78m 60ch	132m 70ch	GW734
DJW	132m 79ch	142m 04ch	LN3243
DMY	34m 54ch	39m 03ch	SC113
DOC	0m 00ch	0m 22ch	EA1270
DOL1	156m 28ch	175m 32ch	LN836
DOL2	175m 32ch	185m 70ch	LN836
DOW	0m 03ch	33m 34ch	LN752
DPJ	4m 73ch	5m 42ch	MD370
DRA1	0m 00ch	4m 40ch	LN896
DRA2	4m 40ch	6m 23ch	LN896
DRS1	0m 00ch	0m 14ch	LN864
DRS2	0m 14ch	0m 27ch	LN864
DSD	0m 72ch	1m 05ch	NW5017
DSE	14m 75ch	16m 19ch	NW1021
DSE	1m 57ch	30m 37ch	NW2015
DSE	30m 37ch	31m 12ch	NW6007
DSN1	0m 29ch	8m 58ch	LN631
DSN2	10m 13ch	21m 72ch	LN632
DSN3	22m 16ch	27m 57ch	LN632
DUY	153m 69ch	155m 34ch	LN101
DWC	0m 00ch	0m 33ch	GW250
DWS	0m 00ch	0m 60ch	LN808
DWW1	1m 52ch	2m 22ch	EA1320
DWW2	1m 11ch	3m 74ch formerly 8m 57ch	EA1320
EBW	14m 20ch	19m 67ch	GW770
ECA1	73m 17ch	73m 48ch	SC003
ECA2	74m 10ch	99m 01ch	SC003
ECA3	99m 01ch	100m 41ch	SC003
ECM1	0m 00ch	160m 16ch	LN101
ECM2	160m 16ch	169m 16ch	LN600
ECM3	169m 16ch	182m 79ch	LN600
ECM4	182m 79ch	188m 40ch	LN600
ECM5	0m 00ch	80m 05ch	LN600
ECM6	80m 05ch	80m 16ch	LN600
ECM7	0m 00ch	69m 67ch	LN600
ECM8	0m 21ch	54m 50ch	SC147
ECM9	0m 00ch	0m 21ch	SC147
ECN1	0m 00ch	0m 14ch	SC171
ECN2	0m 14ch	58m 69ch	SC171
ECN2	58m 69ch	59m 77ch	SC191
ECN3	0m 21ch	17m 17ch	SC191
ECN4	17m 55ch	33m 26ch	SC191
ECN5	203m 11ch	241m 08ch	SC191
ECR	73m 35ch	80m 35ch	SW130
EDE	11m 03ch	11m 46ch	NW9907
EEE	186m 74ch	187m 15ch	NW2021
EGM1	0m 00ch	44m 73ch	SC107
EGM2	44m 73ch	46m 02ch	SC107
EGM3	0m 15ch	1m 19ch	SC107
EGM4	0m 00ch	0m 15ch	SC107
EGS1	0m 00ch	3m 63ch	SC011
EGS2	0m 40ch	1m 24ch	SC011
EGS2	1m 24ch	23m 11ch	SC007
EJM	7m 08ch	20m 46ch	LN694
EJN	0m 00ch	3m 65ch	NW3023
EKE	0m 40ch	7m 60ch	SC045
ELL1	0m 11ch	6m 08ch	EA1325 to 24 June 2022
ELL1	0m 11ch	6m 08ch	SO511 from 25 June 2022
ELL2	5m 21ch	5m 78ch	EA1325 to 24 June 2022
ELL2	5m 21ch	5m 78ch	SO511 from 25 June 2022
ELL3	4m 66ch	5m 51ch	EA1327 to 24 June 2022
ELL3	4m 66ch	5m 51ch	SO681 from 25 June 2022
ELL4	2m 23ch	2m 32ch	EA1327 to 24 June 2022
ELL4	2m 23ch	2m 32ch	SO681 from 25 June 2022
ELL5	2m 17ch	3m 66ch	EA1325
ELN	195m 20ch	195m 53ch	LN872
ELY	0m 00ch	0m 47ch	GW873
EMP	98m 40ch	100m 66ch	LN135
EMP	71m 63ch	98m 40ch	EA1560
EMT	0m 00ch	9m 32ch	GW611
ENT	9m 20ch	10m 55ch	EA1170
ERB	0m 00ch	2m 34ch	GW980
ESB	0m 11ch	5m 72ch	GW580
ESK	69m 41ch	116m 27ch	EA1430
ETC	95m 06ch	96m 09ch	NW4027
ETF	73m 42ch	84m 10ch	SW135
ETN	71m 67ch	123m 00ch	EA1580
EUB	0m 00ch	3m 07ch	GW720
EWC	0m 00ch	1m 00ch	EA1550
EXR	0m 00ch	0m 44ch	GW613
EXR	0m 00ch	0m 44ch	GW6135
FAL1	301m 25ch	307m 53ch	GW680
FAL2	307m 53ch	309m 24ch	GW680
FAL3	309m 25ch	312m 51ch	GW680
FCO	12m 15ch	25m 64ch	NW7007
FDM	77m 26ch	77m 76ch	SO130
FDM	52m 07ch	77m 26ch	SO160
FEC	111m 79ch	113m 01ch	GW450
FED	83m 57ch	85m 54ch	EA1460
FEL	72m 23ch	84m 30ch	EA1440
FEP	19m 70ch	20m 75ch	LN672
FFH1	70m 74ch	71m 22ch	SO230
FFH2	71m 08ch	72m 25ch	SO230
FGW	0m 00ch	0m 31ch	EA1030
FHR1	0m 00ch	0m 64ch	NW7009
FHR2	0m 64ch	1m 42ch	NW7009
FHR3	1m 42ch	2m 12ch	NW7009
FHR4	2m 12ch	10m 50ch	NW7009
FHR5	10m 50ch	21m 03ch	NW7009
FHR6	21m 03ch	30m 54ch	NW7009
FJH	0m 00ch	1m 54ch	NW3021
FJJ	90m 43ch/40m 38ch	91m 09ch/41m 04ch	SW142
FJL	0m 00ch	0m 31ch	SO632
FJS	200.091km	206.012km	SO460
FKW	2m 27ch	2m 71ch	LN888
FLL1	0m 09ch	0m 41ch	SO250
FLL2	1m 58ch	2m 29ch	SO250
FLL2	1m 58ch	2m 29ch	SW222
FLL3	2m 29ch	2m 58ch	SW222
FNS1	0m 00ch	0m 20ch	GW572
FNS2	0m 20ch	2m 38ch	GW572
FOM	0m 00ch	1m 60ch	LN130
FOR	0m 00ch	1m 12ch	GW871
FOY	282m 16ch	282m 46ch	GW661
FRA	114m 44ch	116m 42ch	GW500
FRY	244m 60ch	245m 39ch	GW628
FSH	287m 52ch	289m 05ch	GW900
FSS1	0m 00ch	7m 08ch	EA1380
FSS2	7m 08ch	35m 55ch	EA1380
FSS3	35m 55ch	39m 40ch	EA1380
FTL	0m 00ch	0m 07ch	LN3216
FTL	0m 07ch	0m 39ch	SO280
FUR	126m 30ch	129m 55ch	SW166
FWC	4m 67ch	5m 41ch	GW451
FWR2	151m 69ch	153m 31ch	LN235
GAE	159m 32ch	160m 24ch	GW770
GAW1	0m 24ch	0m 55ch	GW875
GAW2	0m 00ch	5m 15ch	GW875
GBK	1m 19ch	23m 44ch	SC031
GDW	0m 01ch	1m 05ch	NW5019
GEC	8m 44ch	8m 70ch	GW117
GFB	2m 57ch	3m 28ch	EA1400
GGE	0m 00ch	0m 41ch	SC165
GHE	95m 64ch	97m 06ch	SC105
GHL	0m 00ch	0m 56ch	SC119
GJC	21m 03ch	27m 41ch	NW7017
GJH	0m 24ch	3m 02ch	NW4029
GLA	0m 00ch	17m 37ch	NW3019
GLT	0m 32ch	1m 26ch	LN666
GMH	0m 00ch	3m 67ch	SC117
GNN	0m 00ch	54m 58ch	SC036
GNQ1	0m 00ch	2m 04ch	GW736
GNQ2	0m 00ch	2m 25ch	GW736
GNQ3	2m 36ch	2m 51ch	GW736
GNQ4	18m 01ch	21m 67ch	GW736
GNT	10m 02ch	14m 59ch	GW915
GOB	0m 00ch	2m 35ch	GW970
GOJ	-0m 04ch	0m 58ch	EA1370
GOU1	6m 34ch	6m 56ch	SC065
GOU2	107m 70ch	126m 58ch	SC065
GRD	0m 00ch	1m 11ch	LN859
GRE	2m 55ch	2m 79ch	EA1180
GRS1	110m 12ch	112m 00ch	LN185
GRS2	112m 00ch	137m 06ch	LN185
GRS3	106m 70ch	122m 22ch	LN185
GRS4	0m 26ch	9m 17ch	LN185
GSG	0m 00ch	0m 37ch	NW1011
GSJ1	3m 64ch	4m 08ch	MD440
GSJ2	133m 32ch	141m 06ch	MD435
GSM1	74m 00ch	90m 25ch	LN3601
GSM2	90m 25ch	105m 70ch	LN3615
GSM3	103m 77ch	113m 36ch	LN3615
GSM4	105m 70ch	107m 20ch	LN3620
GSW	33m 44ch	116m 13ch	SC031
GSW	115m 40ch	116m 13ch	NW4031
GTW1	30m 35ch	35m 50ch	SW265
GTW2	48m 34ch	61m 72ch	SW265
GUA	159m 10ch	161m 61ch	MD730
GUE2	0m 00ch	3m 41ch	LN926
GWA	14m 59ch	16m 67ch	GW915
GXO	0m 00ch	0m 73ch	NW4039
HAC	11m 20ch	14m 21ch	LN760
HAG	115m 70ch	118m 05ch	SW165
HAH1	0m 00ch	0m 75ch	LN652
HAH2	63m 34ch	64m 42ch	LN652
HAJ	0m 52ch	12m 61ch	NW5015
HAM	13m 05ch	14m 76ch	SW195
HAN	0m 00ch	0m 36ch	GW176
HAU	0m 32ch	1m 45ch	LN741
HAY1	1m 50ch	18m 60ch	LN838
HAY2	18m 60ch	20m 38ch	LN838
HBL	0m 00ch	1m 30ch	NW4013
HBS	0m 25ch	50m 43ch	LN914
HCD	0m 00ch	0m 62ch	LN818
HCM2	4m 01ch	8m 14ch	NW1003
HCM3	0m 00ch	0m 25ch	NW1003
HCN	0m 16ch	0m 72ch	NW3037
HDB	5m 07ch	28m 15ch	LN120
HDC	0m 00ch	2m 11ch	GW730
HDR	7m 04ch	31m 34ch	SO310
HDT	3m 04ch	9m 20ch	EA1170
HDT	9m 20ch	14m 28ch	EA1190
HDY	0m 00ch	0m 46ch	GW897
HEB	18m 38ch	24m 19ch	EA1210
HEG	21m 67ch	22m 10ch	NW3033
HEN	31m 01ch	35m 50ch	GW187
HGC	2m 35ch	2m 62ch	NW9001
HGG1	21m 35ch	30m 26ch	SO530
HGL1	150m 61ch	158m 38ch	SC193
HGL2	7m 02ch	118m 03ch	SC193
HHH	0m 21ch	4m 32ch	SO280
HHJ	0m 00ch	8m 66ch	NW3013
HHT	4m 06ch	5m 15ch	SO690
HHW	17m 66ch	18m 21ch	MD420
HIL	0m 00ch	0m 46ch	SC041
HIM	9m 72ch	27m 48ch	LN784
HIW	0m 00ch	0m 79ch	GW470
HJB	0m 00ch	3m 24ch	LN766
HJM	19m 44ch	20m 47ch	LN696
HJS	0m 00ch	5m 62ch	LN916
HJW	14m 09ch	14m 39ch	SW235
HLF1	0m 00ch	0m 44ch	LN776
HLF2	150m 47ch	150m 64ch	LN776
HLK	0m 16ch	0m 48ch	LN676
HLK	0m 00ch	0m 16ch	LN674
HLL	11m 04ch	16m 38ch	GW180
HLL	14m 56ch	16m 27ch	GW180
HMN1	-0m 01ch	1m 44ch	SC023
HMN2	0m 00ch	0m 07ch	SC055
HMN2	0m 07ch	6m 61ch	SC023
HNB	0m 00ch	1m 53ch	LN662
HNC	3m 34ch	4m 00ch	LN906
HNL1	2m 11ch	41m 66ch	GW730
HNL2	149m 44ch	149m 55ch	GW750
HNO	0m 29ch	0m 36ch	NW3035
HNR	56m 65ch	84m 57ch	MD105
HNS	0m 00ch	4m 70ch	NW5011
HOB2	0m 00ch	0m 53ch	NW1023
HOS	0m 00ch	1m 54ch	LN618
HOU	7m 15ch	14m 38ch	SW230
HPC	171m 70ch	173m 22ch	LN848
HPW	0m 03ch	0m 14ch	LN165
HPW	0m 14ch	0m 25ch	EA1370
HSA	8m 63ch	18m 12ch	MD415
HSC	174m 10ch	175m 33ch	LN904
HSE	0m 00ch	0m 14ch	SO130
HSJ	132m 47ch	133m 32ch	MD435
HST	0m 04ch	2m 35ch	SC131
HTG	27m 19ch	38m 52ch	SO320
HUE	0m 00ch	0m 55ch	LN900
HUL1	0m 00ch	30m 40ch	LN898
HUL2	30m 40ch	31m 12ch	LN898
HUL3	0m 00ch	10m 63ch	LN898
HUL4	10m 63ch	18m 25ch	LN898
HUL4	18m 20ch	20m 50ch	LN836
HUN	0m 00ch	0m 36ch	SC079
HWG	0m 00ch	0m 29ch	NW3035
HXS1	0m 02ch	6m 11ch	NW8001
HXS2	34m 75ch	37m 12ch	NW8001
HXS3	1m 41ch	18m 35ch	NW8001
HYD	0m 00ch	0m 16ch	SC136
IGE	0m 00ch	0m 33ch	SC176
ILK1	202m 03ch	208m 02ch	LN924
ILK2	208m 02ch	211m 20ch	LN924
IMG	0m 00ch	0m 79ch	NW1025
ISC	0m 00ch	1m 70ch	LN704
ISL1	0.000km	0.705km	SO420
JAT	0m 00ch	0m 39ch	SW102
JAW1	0m 09ch	3m 56ch	LN670
JCA	0m 00ch	0m 49ch	LN844
JER	1m 24ch	2m 24ch	GW894
JRT1	0m 03ch	0m 18ch	LN3210
JRT2	2m 00ch	2m 38ch	LN3210
KBF	11m 06ch	15m 00ch	LN650
KBS1	8m 28ch	20m 00ch	NW4007
KCH1	43m 52ch	48m 73ch	SC089
KCH2	0m 00ch	3m 43ch	SC089
KCS1	0m 00ch	8m 32ch	NW1005
KCS2	157m 55ch	157m 61ch	NW1005
KEB	0m 00ch	0m 13ch	LN620
KES	0m 00ch	0m 20ch	LN894
KGC	0m 00ch	0m 21ch	EA1310
KGC	0m 21ch	1m 00ch	MD155
KGW	5m 13ch	5m 25ch	EA1310
KGW	5m 25ch	5m 36ch	MD150
KHL	95m 50ch	100m 77ch	SC055
KID1	0m 00ch	1m 79ch	GW923
KIL1	104m 05ch	105m 10ch	LN742
KIL2	0m 00ch	2m 70ch	LN742
KJE1	40m 69ch	50m 29ch	SO590
KJE2	50m 40ch	51m 11ch	SO590
KJE3	9m 11ch	23m 73ch	SO590
KJW	29m 39ch	31m 69ch	MD545
KNE1	0m 00ch	14m 14ch	SC183
KNE2	14m 14ch	15m 39ch	SC183
KSH	54m 05ch	55m 28ch	SC035
KSL	97m 45ch	127m 00ch	LN3525
KWD	144m 31ch	145m 60ch	MD455
KWS	58m 20ch	68m 75ch	LN888
KYL	0m 19ch	63m 64ch	SC205
LAN1	242m 76ch	243m 08ch	GW626
LAS	243m 55ch	244m 43ch	GW629
LAV	82m 11ch	82m 39ch	SW119
LBC	0m 00ch	2m 12ch	SO510
LBE1	0m 02ch	6m 49ch	LN852
LBE2	190m 24ch	190m 60ch	LN852
LBE3	190m 60ch	191m 30ch	LN852
LBE4	191m 30ch	191m 78ch	LN852
LBW	0m 00ch	8m 67ch	SO510
LBW	8m 67ch	9m 69ch	SO512
LCH	5m 74ch	14m 34ch	SO330
LCJ	152m 36ch	152m 79ch	LN155
LCN	13m 39ch	17m 18ch	NW6013
LEC1	-0m 03ch	83m 18ch	MD101
LEC2	83m 18ch	119m 20ch	MD101
LEC2	119m 20ch	133m 04ch	NW1001
LEC3	133m 04ch	133m 60ch	NW1001
LEC4	133m 60ch	157m 20ch	NW1001
LEC5	157m 20ch	159m 00ch	NW1001
LEC6	137m 42ch	139m 64ch	NW5008
LED	131m 06ch	135m 73ch	LN3240
LEE	0m 00ch	0m 29ch	SO312
LEH1	0m 12ch	14m 60ch	LN838
LEH2	14m 60ch	15m 20ch	LN838
LEH3	15m 20ch	17m 24ch	LN838
LEJ	18m 10ch	22m 15ch	SW205
LEL	46m 11ch	46m 36ch	MD580
LEN2	0m 00ch	0m 36ch	LN626
LEN3	43m 00ch	101m 59ch	LN627
LFS1	101m 01ch	101m 17ch	SC047
LFS2	0m 61ch	1m 19ch	SC047
LGS1	25m 65ch	30m 49ch	SC073
LGS2	30m 49ch	42m 07ch	SC073
LHL	0m 00ch	0m 77ch	NW7011
LHS1	0m 00ch	2m 20ch	SC151
LIJ	8m 51ch	8m 72ch	GW640
LIL	6m 74ch	8m 67ch	GW640
LJT1	0m 30ch	27m 53ch	NW3015
LLA	0m 00ch	18m 17ch	GW910
LLG	0m 12ch	2m 59ch	MD166
LLI	157m 71ch	158m 73	NW1017
LLJ	0m 00ch	3m 14ch	NW3017
LLL	6m 13ch	6m 29ch	SO334
LLP1	28m 58ch	29m 72ch	LN627
LLP2	42m 21ch	42m 79ch	LN627
LLP3	0m 00ch	0m 69ch	LN627
LLS1	0m 15ch	0m 59ch	EA1350
LLS2	0m 51ch	0m 65ch	EA1340
LNK	0m 00ch	2m 45ch	SC009
LOC	3m 39ch	3m 78ch	SO286
LOF	277m 54ch	281m 59ch	GW650
LOO	0m 19ch	6m 66ch	GW640
LOO	6m 66ch	7m 20ch	GW642
LRK	0m 00ch	3m 00ch	SC024
LSC1	106m 25ch	107m 06ch	MD405
LSC2	0m 00ch	8m 45ch	MD405
LSN	0m 00ch	0m 27ch	LN3249
LSS	40m 58ch	41m 18ch	MD570
LTC	3m 34ch	3m 57ch	SO284
LTH	6m 20ch	6m 40ch	SO653
LTN1	0m 00ch	9m 00ch	EA1010
LTN1	9m 00ch	68m 59ch	EA1011
LTN1	68m 59ch	113m 68ch	EA1012
LTN2	123m 00ch	114m 77ch	EA1013
LTV	0m 00ch	0m 22ch	MD355
LUD1	66m 26ch	67m 61ch	SW117
LUD2	0m 00ch	5m 71ch	SW117
LVT	5m 29ch	5m 57ch	SO332
MAC3	33m 35ch	41m 68ch	LN750
MAC3	46m 18ch	112m 40ch	LN736
MAH	59m 46ch	70m 61ch	EA1120
MAI	41m 34ch	41m 64ch	GW740
MAJ	6m 11ch	33m 57ch	NW6003
MAS	153m 73ch	154m 20ch	LN807
MAS	154m 20ch	174m 01ch	NW9001
MAX	0m 00ch	3m 01ch	SC033
MBW1	0m 00ch	10m 54ch	LN634
MBW2	11m 61ch	29m 66ch	LN634
MBW3	24m 44ch	30m 61ch	LN634
MCH	0m 00ch	9m 37ch	NW5009
MCJ1	200m 66ch	205m 77ch	MD701
MCJ1	197m 05ch	200m 66ch	MD710
MCJ2	9m 13ch	25m 21ch	MD711
MCJ2	25m 21ch	38m 13ch	MD712
MCJ2	38m 13ch	44m 48ch	MD725
MCJ2	38m 13ch	44m 48ch	MD726 from 6 May 2023
MCJ3	87m 06ch	92m 49ch	LN3237
MCJ3	156m 72ch	161m 50ch	MD725
MCJ3	156m 72ch	161m 50ch	MD726 from 6 May 2023
MCJ4	0m 00ch	0m 41ch	MD725
MCJ4	0m 00ch	0m 41ch	MD726 from 6 May 2023
MCL	0m 66ch	3m 73ch	LN3213
MCL	3m 73ch	4m 06ch	LN3201
MDE	0m 00ch	0m 31ch	SC017
MDL1	32m 16ch	42m 03ch	LN860
MDL2	42m 03ch	42m 25	LN860
MDN	-0m 06ch	0m 40ch	SC015
MDW	91m 08ch	91m 50ch	SC019
MEB1	0m 00ch	3m 37ch	LN105
MEN1	0m 19ch	0m 70ch	SC031
MEN2	0m 00ch	0m 19ch	SC031
MEW1	61m 08ch	61m 12ch	LN874
MEW2	0m 01ch	1m 12ch	LN874
MGE	6m 19ch	9m 35ch	SC133
MLG1	0m 05ch	1m 27ch	SC145
MLG2	0m 00ch	39m 39ch	SC145
MGW	6m 27ch	7m 65ch	LN804
MHH	0m 00ch	4m 01ch	NW4017
MHL1	5m 60ch	6m 11ch	SC155
MHL2	0m 28ch	1m 40ch	SC155
MHL3	0m 00ch	0m 19ch	SC155
MHY	6m 30ch	7m 08ch	SC165
MIA	0m 00ch	1m 51ch	NW5007
MIL	280m 70ch	284m 71ch	GW960
MIN	164m 60ch	165m 20ch	GW602
MIR1	0m 00ch	2m 21ch	NW8011
MIR2	0m 69ch	1m 72ch	NW8011
MIR2	1m 60ch	3m 46ch	NW8013
MIS	79m 78ch	81m 59ch	SW147
MJI1	156m 19ch	160m 16ch	MD810
MJI2	160m 29ch	162m 25ch	MD810
MJS1	127m 27ch	127m 77ch	LN3520
MJS1	129m 79ch	131m 15ch	LN3515
MJT1	124m 22ch	125m 55ch	LN3252
MJT2	125m 55ch	130m 51ch	LN3252
MKB1	0m 00ch	0m 34ch	LN886
MKB2	175m 72ch	176m 38ch	LN886
MLA	0m 00ch	0m 70ch	SC1150
MLE	0m 09ch	0m 28ch	SC157
MLG1	0m 00ch	1m 27ch	SC145
MLG2	0m 00ch	39m 39ch	SC145
MLN1	35m 40ch	36m 17ch	SW210
MLN1	0m 00ch	64m 40ch	GW103
MLN1	64m 40ch	154m 12ch	GW105
MLN1	154m 12ch	246m 29ch	GW108
MLN2	247m 42ch	256m 38ch	GW108
MLN3	256m 40ch	305m 65ch	GW108
MLN4	305m 67ch	326m 50ch	GW108
MOA	0m 00ch	0m 38ch	GW834
MOB	0m 00ch	4m 46ch	GW618
MPC	10m 11ch	14m 32ch	SW185
MPR1	1m 30ch	2m 17ch	NW7001
MPR2	2m 17ch	3m 05ch	NW7019
MPR2	2m 17ch	6m 15ch	NW7019
MPR3	6m 15ch	14m 27ch	NW7019
MRB	29m 20ch	40m 01ch	LN858
MRB	40m 01ch	40m 27ch	LN852
MRH	9m 78ch	11m 02ch	NW9009
MRJ	198m 64ch	199m 20ch	GW888
MRL1	5m 51ch	8m 26ch	SC115
MRL2	4m 40ch	5m 67ch	SC115
MSK	0m 00ch	0m 08ch	SC075
MSM	0m 00ch	2m 12ch	NW4011
MSW	81m 67ch	82m 18ch	SO245
MTL1	0m 11ch	4m 65ch	SC177
MTL2	6m 48ch	7m 34ch	SC177
MVE1	1m 55ch	10m 40ch	NW6001
MVE1	0m 00ch	1m 55ch	NW6005
MVE2	10m 40ch	25m 31ch	NW6001
MVL1	1m 30ch	7m 46ch	NW7021
MVL2	7m 46ch	7m 74ch	NW7021
MVL3	7m 74ch	15m 11ch	NW7021
MVL3	15m 11ch	28m 39ch	LN860
MVL4	28m 39ch	30m 61ch	LN860
MVM	0m 00ch	1m 30ch	NW7001
MVN1	0m 09ch	2m 30ch	NW7003
MVN2	19m 61ch	50m 31ch	LN854
MVN2	2m 17ch	22m 62ch	NW7001
MWB	0m 00ch	2m 54ch	GW185
MWJ	0m 00ch	0m 31ch	LN708
MWL	0m 00ch	0m 13ch	EA1570
MWN	107m 69ch	108m 73ch	LN740
MWY	0m 00ch	0m 69ch	GW873
MYC	0m 00ch	0m 69ch	MD233
NAB	0m 00ch	10m 10ch	GW893
NAJ1	0m 00ch	6m 31ch	MD701
NAJ2	0m 00ch	33m 69ch	MD701
NAJ3	0m 00ch	18m 29ch	MD701
NAY	5m 73ch	18m 29ch	EA1500
NBB	9m 51ch	10m 04ch	SO335
NBE	25m 00ch	25m 18ch	SC123
NBE	25m 18ch	35m 21ch	SC111
NBK	18m 15ch	22m 22ch	SC149
NBS	0m 00ch	4m 06ch	NW5008
NBS1	2m 50ch	3m 56ch	NW5008
NCS	6m 21ch	6m 43ch	SO331
NDE1	3m 36ch	5m 72ch	SC161
NDE2	5m 72ch	6m 52ch	SC159
NDN	179m 26ch	211m 31ch	GW606
NEC1	0m 48ch	5m 28ch	LN682
NEC2	3m 78ch	58m 00ch	LN682
NEC2	58m 00ch	59m 26ch	NW9909
NEC2	59m 26ch	60m 03ch	NW9901
NEK	0m 00ch	3m 20ch	LN628
NEM1	11m 60ch	25m 00ch	SC123
NEM2	0m 00ch	11m 60ch	SC123
NEM3	0m 00ch	4m 63ch	SC123
NEM4	0m 00ch	0m 74ch	SC123
NEM5	5m 57ch	13m 40ch	SC123
NEM6	113m 46ch	116m 00ch	SC123
NEM7	15m 51ch	24m 31ch	SC123
NEN1	0m 11ch	0m 73ch	LN622
NEW	282m 16ch	302m 51ch	GW660
NFE	8m 67ch	18m 57ch	SO510
NGC	0m 00ch	0m 61ch	LN3645
NGD	0m 00ch	0m 25ch	NW9911
NGJ	0m 00ch	0m 53ch	NW1021
NGL	13m 21ch	29m 59ch	SW200
NHB	56m 55ch	57m 31ch	SO625
NJN	6m 24ch	6m 56ch	MD715
NKE1	3m 27ch	3m 39ch	EA1330
NKE2	9m 34ch	9m 64ch	SW242
NKL	4m 23ch	17m 05ch	SO290
NLF	0m 00ch	1m 42ch	LN684
NLL	159m 60ch	160m 25ch	GW784
NLP	2m 76ch	3m 34ch	GW878
NMA	9m 59ch	10m 18ch	MD232
NMB	32m 42ch	34m 02ch	NW8007
NMC1	172m 16ch	177m 40ch	NW9001
NMC1	177m 40ch	181m 14ch	NW9017
NMC2	181m 14ch	181m 71ch	NW9017
NMH	0m 29ch	0m 59ch	MD175
NML	0m 47ch	0m 49ch	GW784
NMM	34m 02ch	34m 40ch	NW8007
NMS1	9m 68ch	14m 53ch	SW190
NMS2	12m 56ch	18m 73ch	SW190
NNH	100m 77ch	108m 45ch	SC053
NNJ	8m 37ch	8m 64ch	NW3031
NOB1	16m 02ch	32m 00ch	LN206
NOB1	1m 04ch	16m 02ch	LN3625
NOB2	32m 00ch	32m 70ch	LN206
NOB3	12m 55ch	41m 26ch	LN200
NOC	5m 41ch	23m 57ch	LN854
NOG1	106m 08ch	113m 78ch	LN195
NOG1	113m 78ch	125m 25ch	LN3635
NOG2	2m 35ch	2m 54ch	LN3635
NOL	0m 29ch	23m 41ch	EA1470
NOP1	0m 25ch	4m 20ch	LN756
NPF	283m 10ch	283m 31ch	GW990
NPF	283m 31ch	287m 52ch	GW900
NSA	50m 01ch	50m 43ch	SW123
NSE	0m 00ch	0m 21ch	LN210
NSS	1m 40ch	30m 09ch	LN3505
NSS	0m 00ch	1m 40ch	NW5012
NTE	0m 00ch	0m 24ch	EA1120
NTL	6m 09ch	7m 53ch	SO270
NTL	6m 09ch	7m 53ch	SO330
NUJ1	158m 77ch	159m 33ch	LN736
NUJ2	41m 68ch	43m 23ch	LN736
NWE	0m 00ch	0m 29ch	LN648
NWN	0m 00ch	0m 56ch	GW780
NWO	0m 00ch	10m 18ch	MD555
OAJ	48m 76ch	49m 41ch	LN884
OBN1	0m 00ch	0m 44ch	SC143
OBN2	30m 23ch	71m 44ch	SC143
OCD	190m 05ch	190m 34ch	NW6004
OGM	0m 00ch	0m 24ch	GW875
OJS	17m 46ch	26m 61ch	SO145
OLW	190m 28ch	191m 10ch	NW6001
OME3	0m 10ch	0m 52ch	NW2029
OSC	181m 71ch	183m 04ch	LN886
OVE	0m 00ch	7m 40ch	GW877
OWW	66m 32ch	112m 00ch	GW310 from 27 March 2021
OWW	66m 32ch	117m 26ch	GW310 to 26 March 2021
OWW	112m 00ch	117m 26ch	MD910 from 27 March 2021
OWW	117m 26ch	126m 21ch	GW300 to 26 March 2021
OWW	117m 26ch	126m 21ch	MD900 from 27 March 2021
OWW	126m 21ch	130m 40ch	GW370 to 26 March 2021
OWW	126m 21ch	142m 51ch	MD430 from 27 March 2021
OWW	130m 40ch	142m 51ch	MD430 to 26 March 2021
OWW	142m 51ch	146m 13ch	MD450
OXC	0m 00ch	1m 02ch	MD805
OXD	0m 64ch	18m 40ch	MD735
OXD	18m 40ch	30m 09ch	GW276
OXD	0m 64ch	29m 25ch	MD736
OXD	29m 25ch	30m 09ch	GW277
OXO	0m 00ch	0m 78ch	LN774
OXW	0m 00ch	10m 15ch	NW4019
PAA1	29m 31ch	36m 75ch	SW120
PAA2	39m 22ch	49m 24ch	SW120
PAC	0m 00ch	0m 38ch	GW5401
PAR	281m 57ch	282m 16ch	GW660
PAT	14m 77ch	19m 71ch	SO660
PBJ	0m 00ch	15m 32ch	MD320
PBL	0m 00ch	0m 29ch	MD325
PBN	0m 40ch	17m 49ch	NW4005
PBS1	132m 76ch	138m 79ch	LN3273
PBS2	137m 11ch	140m 44ch	LN3273
PBS3	140m 44ch	143m 00ch	LN3273
PDB	0m 00ch	1m 52ch	NW4003
PDL	97m 64ch	98m 15ch	LN629
PED1	28m 37ch	29m 13ch	LN862
PED2	0m 00ch	6m 43ch	LN862
PED2	6m 43ch	7m 50ch	LN868
PED4	15m 37ch	15m 64ch	LN826
PED5	15m 64ch	22m 57ch	LN826
PEF	2m 38ch	3m 06ch	LN892
PEH	0m 00ch	13m 42ch	LN862
PEM	259m 01ch	286m 21ch	GW950
PEM	259m 01ch	286m 21ch	CY1540
PJL	0m 00ch	0m 36ch	NW2019
PJW	0m 00ch	1m 59ch	MD365
PLG1	100m 65ch	101m 15ch	LN676
PLG2	0m 00ch	0m 21ch	LN676
PLO	0m 00ch	0m 34ch	GW628
PLO	0m 00ch	0m 18ch	GW630
PMJ	0m 00ch	13m 60ch	LN3615
PMJ	13m 60ch	16m 71ch	LN147
PMJ	16m 71ch	22m 70ch	LN101
PMT	21m 20ch	25m 79ch	SC109
PMT	25m 79ch	26m 35ch	SC110
PNS	0m 00ch	0m 30ch	SC106
POC1	0m 00ch	3m 25ch	LN652
POC2	3m 25ch	5m 21ch	LN652
POD	120m 28ch	129m 43ch	GW548
POR	0m och	2m 44ch	GW877
PPA1	1m 58ch	3m 53ch	NW7025
PPA2	0m 00ch	0m 57ch	NW7025
PPH	49m 43ch	50m 48ch	SO635
PPP1	2m 13ch	2m 39ch	NW7027
PPP2	0m 00ch	0m 19ch	NW7027
PPW	5m 09ch	8m 47ch	SW225
PRA	42m 31ch	49m 35ch	MD720
PRG	0m 00ch	1m 45ch	NW7015
PSE	143m 00ch	154m 30ch	LN768
PSF	15m 07ch	15m 31ch	SO302
PSR1	21m 39ch	21m 47ch	NW1027
PSR2	0m 00ch	0m 40ch	NW1027
PTA	13m 41ch	15m 01ch	GW820
PTD	0m 56ch	0m 70ch	GW877
PTH	0m 00ch	1m 12ch	GW864
PUL	97m 64ch	98m 04ch	LN630
PVS	9m 59ch	10m 61ch	MD232
PWS1	34m 74ch	44m 56ch	SO180
PWS2	31m 16ch	42m 41ch	SO180
PYE1	106m 44ch	106m 73ch	LN740
PYE2	0m 00ch	4m 33ch	LN740
PYE3	4m 33ch	4m 79ch	LN740
RAC	125m 55ch	136m 66ch	LN3255
RAD	0m 26ch	4m 41ch	GW840
RBS1	83m 18ch	112m 73ch	MD301
RBS2	0m 05ch	14m 43ch	MD301
RBS3	15m 32ch	23m 30ch	MD301
RBS3	23m 30ch	28m 50ch	NW1002
RBY	12m 28ch	19m 35ch	EA1510
RCB	0m 00ch	6m 34ch	SC099
RCB	6m 34ch	7m 03ch	SC101
RDB	0m 00ch	0m 69ch	NW2003
RDG1	0m 00ch	3m 74ch	SW100
RDG1	3m 74ch	36m 35ch	SW210
RDG2	61m 72ch	68m 68ch	SW210
RDG2	68m 00ch	68m 68ch	GW210
RDO	0.228km	1.409km	SO400
REB2	0m 48ch	0m 67ch	LN624
REB4	-0m 04ch	0m 28ch	LN624
RED1	14m 24ch	15m 02ch	SO500
RED2	16m 66ch	23m 16ch	SO500
RFM	36m 13ch	36m 74ch	GW225
RFR	36m 25ch	36m 68ch	GW225
RHD1	0m 02ch	1m 00ch	SC175
RHD2	1m 00ch	1m 21ch	SC175
RIC1	0m 00ch	1m 06ch	SC037
RIC2	1m 75ch	2m 20ch	SC037
RLL	35m 38ch	35m 61ch	GW195
RNC	0m 00ch	0m 29ch	SC027
RNJ	67m 76ch	68m 35ch	SW210
RNJ	67m 76ch	68m 35ch	SW217
RNJ	68m 00ch	68m 35ch	GW190
ROC	168m 20ch	168m 61ch	GW790
ROU	0m 00ch	3m 30ch	EA1040
RPE	8m 34ch	14m 27ch	SW180
RRN1	0m 00ch	7m 20ch	MD345
RRN2	7m 20ch	14m 00ch	MD345
RRN2	14m 00ch	14m 69ch	NW1004
RSB	19m 16ch	20m 23ch	GW8901
RSC	7m 24ch	7m 60ch	LN828
RSJ	22m 46ch	41m 60ch	SO560
RSJ	35m 21ch	41m 60ch	SW300
RSL1	6m 34ch	6m 59ch	SC099
RSL2	0m 00ch	0m 34ch	SC099
RSW	117m 56ch	118m 01ch	SC203
RTJ1	18m 16ch	23m 31ch	SW150
RTJ2	80m 35ch	96m 05ch	SW150
RTR1	36m 36ch	36m 64ch	GW505
RTS	0m 00ch	0m 79ch	MD180
RTT	22m 51ch	42m 09ch	SO550
RUB1	0m 00ch	1m 08ch	LN790
RUB2	1m 08ch	4m 39ch	LN794
RUC1	0m 00ch	2m 10ch	LN796
RUD	87m 06ch	92m 49ch	LN3237
RVC	0m 00ch	0m 48ch	SO260
RVS1	0m 00ch	0m 04ch	SC139
RVS2	109m 05ch	109m 49ch	SC139
RWC	0m 00ch	0m 43ch	GW220
RYH1	178m 33ch	179m 44ch	NW9011
RYH2	6m 16ch	8m 74ch	NW9011
SAA	0m 00ch	8m 14ch	SC181
SAA	0m 00ch	8m 14ch	SC121
SAC	234m 42ch	307m 14ch	NW9901
SAG	0m 00ch	0m 52ch	MD575
SAJ	0m 00ch	2m 08ch	NW5021
SAL	110m 09ch	115m 40ch	GW5001
SAL	110m 09ch	132m 33ch	SW170
SAN	0m 00ch	1m 16ch	LN754
SAR1	2m 52ch	3m 17ch	EA1310
SAR2	9m 76ch	12m 39	EA1310
SAS	0m 00ch	2m 61ch	MD315
SAW	0m 00ch	3m 43ch	GW425
SBA1	0m 00ch	16m 22ch	GW733
SBA2	31m 23ch	95m 60ch	GW733
SBF	205m 54ch	208m 50ch	LN928
SBH1	0m 00ch	5m 12ch	NW2023
SBH2	5m 12ch	5m 66ch	NW2023
SBH3	5m 66ch	12m 54ch	NW2023
SBJ	17m 46ch	58m 61ch	SO140
SBK1	146m 76ch	147m 02ch	GW705
SBK2	0m 00ch	0m 73ch	GW705
SBL1	10m 20ch	11m 17ch	NW4033
SBR	32m 11ch	55m 26ch	LN125
SBO	5m 00ch	35m 34ch	SC164
SBR	47m 60ch	55m 25ch	EA1230
SCB	140m 34ch	141m 55ch	MD282
SCC	3m 17ch	3m 39ch	SW219
SCD	0m 00ch	0m 28ch	LN756
SCG	0m 29ch	0m 44ch	NW4025
SCL	0m 00ch	0m 22ch	MD330
SCM1	89m 51ch	91m 08ch	SC093
SCM2	91m 08ch	94m 05ch	SC093
SCM3	106m 63ch	123m 40ch	SC119
SCM3	94m 05ch	106m 63ch	SC093
SCM4	123m 40ch	150m 61ch	SC119
SCM5	0m 36ch	21m 01ch	SC119
SCN	0m 00ch	0m 54ch	NW2017
SCP	6m 41ch	7m 61ch	SO710
SCQ1	0m 00ch	3m 51ch	NW5010
SCQ2	0m 00ch	6m 65ch	NW5010
SCQ3	0m 00ch	7m 77ch	NW5010
SCR	23m 03ch	24m 06ch	NW2005
SCT1	0m 24ch	4m 49ch	NW2027
SCT2	4m 49ch	5m 53ch	NW2027
SCU1	11m 29ch	21m 35ch	SO530
SCU1	21m 35ch	46m 08ch	SO540
SDC	3m 76ch	7m 14ch	EA1280
SDG	0m 00ch	0m 40ch	SC083
SDI1	206m 14ch	208m 49ch	GW890
SDI2	0m 00ch	10m 64ch	GW890
SDJ2	10m 06ch	18m 55ch	NW2009
SDP1	1m 48ch	14m 15ch	SW140
SDP2	84m 10ch	91m 01ch	SW140
SDS	288m 26ch	293m 52ch	GW672
SEC	0m 00ch	0m 32ch	LN908
SEJ1	0m 00ch	0m 23ch	SO150
SEJ2	44m 13ch	51m 19ch	SO150
SEL	161m 24ch	161m 63ch	LN810
SEN	0m 00ch	0m 17ch	LN3234
SES	0m 00ch	2m 44ch	LN652
SFO	19m 30ch	19m 47ch	NW7006
SGN	0m 00ch	0m 42ch	SC103
SGN	0m 42ch	2m 58ch	SC129
SHB	161m 52ch	173m 48ch	LN868
SHF	12m 28ch	12m 56ch	SW193
SHG	13m 20ch	14m 30ch	LN878
SHL	0m 11ch	52m 19ch	GW730
SHR	86m 63ch	87m 43ch	SC013
SHS1	6m 04ch	7m 16ch	NW2025
SHW	153m 71ch	154m 36ch	LN782
SIL	0m 32ch	0m 69ch	NW8003
SIV	320m 77ch	325m 13ch	GW690
SIZ	91m 40ch	95m 79ch	EA1520
SJB	22m 38ch	22m 54ch	LN832
SJC	0m 31ch	9m 45ch	NW9903
SJD	0m 00ch	0m 33ch	NW3023
SJM1	167m 03ch	167m 15ch	LN826
SJM2	15m 04ch	15m 37ch	LN826
SJO1	33m 16ch	34m 75ch	NW8005
SJO2	3m 20ch	12m 15ch	NW8005
SJS	142m 20ch	142m 78ch	MD445
SJT1	22m 26ch	25m 60ch	MD460
SKA	0m 00ch	0m 61ch	LN842
SKM	0m 05ch	0m 57ch	LN824
SKN	41m 18ch	46m 42ch	MD570
SKS1	220m 64ch	222m 68ch	LN930
SKS2	0m 00ch	7m 09ch	LN930
SKW1	221m 68ch	230m 00ch	LN922
SKW1	230m 00ch	234m 42ch	NW9901
SKW1	234m 42ch	249m 44ch	NW9903
SLJ	6m 06ch	6m 38ch	SO685
SMA	1m 10ch	1m 48ch	NW5005
SMJ1	166m 56ch	168m 64ch	LN804
SMJ2	0m 00ch	17m 15ch	LN804
SMJ3	15m 07ch	16m 69ch	LN804
SMS1	0m 00ch	3m 06ch	SO700
SMS2	7m 20ch	12m 43ch	SO700
SNJ	0m 00ch	8m 37ch	NW3029
SNS	6m 16ch	6m 42ch	SO685
SNW	1m 34ch	3m 42ch	LN180
SOB1	0m 00ch	0m 63ch	EA1540
SOB2	1m 54ch	12m 33ch	EA1540
SOT	0m 00ch	1m 51ch	LN656
SOY	78m 15ch	79m 04ch	SW145
SPC1	0m 12ch	49m 65ch	LN3201
SPC2	49m 65ch	64m 78ch	LN3201
SPC3	65m 11ch	95m 38ch	LN3201
SPC4	95m 47ch	98m 73ch	LN3201
SPC5	98m 73ch	118m 60ch	LN3201
SPC6	118m 65ch	128m 13ch	LN3201
SPC7	128m 13ch	128m 23ch	LN3201
SPC8	127m 54ch	147m 69ch	LN3201
SPC9	142m 10ch	143m 12ch	LN3207
SPC9	142m 10ch	146m 59ch	LN3201
SPD1	44m 07ch	62m 14ch	LN170
SPD2	62m 14ch	81m 25ch	LN170
SPD3	81m 25ch	98m 68ch	LN170
SPD4	98m 68ch	115m 72ch	LN170
SPD5	115m 72ch	116m 20ch	LN170
SPD5	116m 20ch	117m 46ch	LN150
SPW	1m 29ch	1m 54ch	LN918
SSC	7m 57ch	8m 10ch	SO682
SSE	0m 00ch	0m 43ch	LN175
SSJ1	119m 62ch	127m 27ch	LN3520
SSJ2	127m 77ch	132m 12ch	LN3520
SSK1	27m 05ch	34m 29ch	LN642
SSK2	34m 29ch	38m 50ch	LN642
SSL	0m 00ch	0m 13ch	EA1300
SSP	0m 39ch	2m 75ch	MD325
SSP	0m 00ch	0m39ch	MD335
SSS	3m 43ch	3m 69ch	GW425
SSV	20m 22ch	41m 42ch	EA1050
STA	13m 31ch	16m 00ch	GW182
STB	53m 14ch	53m 76ch	EA1100
STD	0m 00ch	2m 70ch	GW317
STF	0m 00ch	10m 72ch	LN646
STO	126m 21ch	130m 25ch	GW300 to 26 March 2021
STO	126m 21ch	130m 25ch	MD900 from 27 March 2021
STR1	40m 49ch	61m 60ch	SC059
STR2	0m 00ch	30m 67ch	SC059
STR3	46m 54ch	53m 05ch	SC059
STR4	53m 05ch	54m 05ch	SC059
STS	51m 11ch	58m 77ch	SO610
STY	0m 00ch	9m 44ch	NW5003
SUB1	3m 30ch	4m 00ch	SC163
SUB2	0m 11ch	0m 45ch	SC169
SUB2	0m 45ch	6m 30ch	SC165
SUB2	6m 30ch	6m 69ch	SC163
SUD	46m 56ch	58m 32ch	EA1080
SUT1	243m 67ch	244m 45ch	GW628
SUT2	244m 41ch	244m 60ch	GW628
SWA	214m 65ch	216m 08ch	GW9001
SWB	83m 09ch	112m 69ch	GW600
SWE	19m 06ch	25m 48ch	SW250
SWL	0m 00ch	0m 53ch	GW906
SWM1	77m 35ch	106m 74ch	GW480
SWM2	113m 03ch	113m 54ch	GW690
SWM2	113m 54ch	149m 14ch	GW700
SWM2	113m 54ch	149m 14ch	CY240
SWM2	148m 49ch	271m 08ch	GW900
SWM2	271m 08ch	280m 70ch	GW960
SWP	0m 00ch	0m 45ch	LN772
SWY	81m 16ch	94m 44ch	GW500
SYC	0m 00ch	2m 60ch	NW1007
SYC	2m 60ch	32m 29ch	GW735
SYE	8m 43ch	9m 63ch	SC097
TAD	0m 00ch	2m 15ch	GW990
TAH1	2m 42ch	5m 73ch	EA1370
TAH2	5m 73ch	11m 79ch	EA1370
TAH3	11m 79ch	13m 42ch	EA1370
TAH4	13m 12ch	13m 62ch	EA1370
TAT	15m 23ch	23m 37ch	SO670
TBD	13m 53ch	19m 59ch	GW820
TBH1	29m 28ch	59m 74ch	SO520
TBH2	19m 03ch	37m 25ch	SO520
TCC	119m 67ch	142m 10ch	LN3207
TCW1	169m 16ch	174m 11ch	LN910
TEN	0m 00ch	0m 49ch	EA1220
TES	0m 00ch	0m 30ch	LN3228
TFN	0m 00ch	2m 13ch	EA1450
THA	15m 15ch	18m 45ch	GW260
THL	119m 17ch	121m 36ch	LN3261
THN	26m 41ch	30m 44ch	EA1420
THO	0m 00ch	6m 24ch	GW430
THT	13m 03ch	24m 04ch	GW835
TJC1	146m 59ch	146m 64ch	LN3201
TJC1	146m 64ch	160m 47ch	LN804
TJC2	160m 47ch	163m 74ch	LN804
TJC3	161m 77ch	168m 64ch	LN804
TJC3	175m 78ch	183m 04ch	LN886
TJC3	184m 56ch	185m 73ch	LN854
TJC3	185m 73ch	195m 20ch	LN872
TJC3	195m 20ch	195m 52ch	LN840
TJC3	195m 57ch	221m 68ch	LN922
TJG1	7m 69ch	9m 09ch	LN912
TJG2	0m 00ch	14m 06ch	LN912
TLA	33m 54ch	36m 67ch	EA1220
TLL	7m 60ch	32m 43ch	EA1390
TLP1	12m 38ch	13m 29ch	SO115
TLP2	12m 49ch	13m 35ch	SO115
TMD	9.381km	13.428km	SO410
TMD	9.381km	13.428km	SO430
TML	66m 27ch	68m 64ch	SO130
TNW	0m 00ch	0m 70ch	SC173
TOR	214m 43ch	222m 55ch	GW620
TOR	222m 23ch	222m 55ch	GW621
TRL1	0.000km	1.409km	SO400
TRL2	1.409km	21.264km	SO400
TRL3	21.264km	108.582km	SO400
TRL3	88.31km	90.39km	SO470
TRL3	90.39km	92.73km	SO480
TRL3	105.557km	107.000km	SO490
TRL4	18.864km	21.699km	SO440
TRL5	35.555km	37.581km	SO450
TSB	0m 00ch	17m 69ch	MD425
TSC	137m 43ch	138m 74ch	LN3279
TSE1	6m 73ch	6m 22ch	EA1290
TSE2	5m 41ch	5m 54ch	EA1290
TSJ	11m 49ch	12m 53ch	SW245
TSN1	119m 17ch	125m 27ch	LN3204
TSN2	119m 67ch	125m 27ch	LN3204
TSO	0m 00ch	6m 50ch	SC207
TSS	0m 04ch	0m 40ch	SC049
TTA1	168m 39ch	172m 16ch	NW9001
TTA1	172m 16ch	181m 00ch	NW9007
TTA2	42m 77ch	46m 24ch	NW9007
TTF	82m 67ch	92m 12ch	SW155
TTH	29m 55ch	60m 69ch	SO170
TTH	60m 69ch	62m 34ch	SO600
TUR	0m 00ch	0m 43ch	GW628
TWN	65m 20ch	70m 17ch	EA1110
TYB1	68m 32ch	71m 79ch	LN746
TYC	0m 00ch	1m 18ch	LN788
UCJ	0m 00ch	1m 24ch	NW4021
UDS	15m 55ch	16m 56ch	LN764
ULR	0m 00ch	0m 35ch	NW4023
UPG	0m 00ch	6m 56ch	EA1410
VIR	0m 00ch	79m 21ch	SO110
VOG	0m 00ch	18m 76ch	GW870
VON	12m 40ch	13m 53ch	GW820
VON	20m 68ch	27m 15ch	GW834
VON	33m 14ch	46m 66ch	GW892
VOT	18m 17ch	29m 40ch	GW910
VTB1	0m 00ch	10m 03ch	SO500
VTB2	9m 69ch	21m 37ch	SO500
VTB3	21m 31ch	50m 49ch	SO500
VWW	19m 08ch	24m 74ch	SW255
WAG1	47m 43ch	73m 52ch	LN882
WAG2	0m 00ch	0m 64ch	LN882
WAH	120m 47ch	148m 12ch	GW340 to 26 March 2021
WAH	120m 47ch	148m 12ch	MD940 from 27 March 2021
WAR	227m 27ch	227m 56ch	NW9907
WAT	43m 53ch	52m 70ch	SC091
WAW	6m 76ch	7m 07ch	EA1360
WAW	5m 72ch	6m 76ch	MD167
WBB	24m 05ch	28m 52ch	GW185
WBS1	1m 66ch	14m 64ch	NW6009
WBS2	14m 64ch	18m 04ch	NW6009
WBS3	18m 04ch	35m 27ch	NW6009
WCG	0m 00ch	0m 28ch	MD125
WCI	0m 00ch	2m 61ch	LN638
WCK	0m 18ch	161m 35ch	SC203
WCL	1m 00ch	2m 74ch	MD136
WCM1	0m 00ch	12m 30ch	NW4001
WCM1	12m 30ch	84m 08ch	SC001
WCM2	84m 08ch	102m 27ch	SC001
WCS	9m 46ch	9m 66ch	SO515
WDB1	0m 14ch	13m 33ch	NW3007
WDB2	14m 02ch	14m 15ch	NW3007
WDB3	0m 09ch	14m 02ch	NW3007
WDJ	0m 15ch	1m 16ch	MD360
WDU	0m 00ch	1m 64ch	LN145
WEB	79m 34ch	92m 58ch	LN170
WEE	185m 49ch	187m 10ch	NW1021
WEF1	1m 62ch	2m 58ch	MD125
WEL1	6m 56ch	8m 77ch	GW174
WEL2	8m 65ch	9m 07ch	GW175
WES	94m 44ch	97m 02ch	GW500
WEY	111m 18ch	114m 44ch	GW500
WEY	116m 52ch	129m 50ch	GW500
WEY	104m 40ch	109m 54ch	GW510
WEY	96m 10ch	104m 40ch	GW523
WEY	109m 54ch	111m 18ch	GW560
WEY	114m 44ch	116m 52ch	GW570
WEY	129m 50ch	130m 00ch	GW590
WEY	130m 00ch	162m 14ch	SW175
WFL	0m 17ch	0m 67ch	MD166
WGP	95m 37ch	96m 07ch	LN3231
WHC1	1m 69ch	24m 00ch	EA1480
WHC2	11m 54ch	13m 48ch	EA1480
WHC3	45m 64ch	46m 42ch	EA1480
WHL	-0m 01ch	99m 37ch	SC141
WHM	122m 70ch	124m 19ch	LN3267
WHR	63m 25ch	64m 29ch	LN748
WIG	85m 78ch	93m 15ch	EA1570
WIN	18m 36ch	21m 20ch	GW184
WIS	29m 13ch	45m 42ch	EA1060
WJB	20m 36ch	32m 76ch	SO600
WJK	29m 41ch	33m 16ch	NW8009
WJL1	174m 22ch	182m 67ch	NW2001
WJL2	182m 67ch	186m 72ch	NW2001
WJL3	186m 72ch	191m 75ch	NW2001
WJL4	191m 75ch	193m 52ch	NW2001
WJP1	30m 12ch	33m 56ch	NW3023
WJP1	28m 23ch	30m 12ch	NW3025
WJP1	39m 31ch	40m 56ch	NW9013
WJP1	33m 56ch	35m 64ch	NW9017
WKC	0m 00ch	3m 54ch	LN802
WKL1	18m 04ch	19m 48ch	NW6015
WKL2	19m 09ch	29m 41ch	NW6015
WKL2	19m 09ch	28m 55ch	NW6015
WKL2	28m 55ch	29m 41ch	NW8009
WLL	4m 15ch	6m 19ch	MD166
WLL	0m 63ch	6m 19ch	SO250
WLL	0m 00ch	0m 63ch	SO257
WLL	2m 40ch	3m 42ch	SW220
WMB	0m 09ch	0m 43ch	EA1310
WMB	0m 00ch	0m 09ch	MD160
WME	0m 00ch	7m 26ch	LN830
WME	7m 26ch	10m 17ch	LN828
WMS	43m 70ch	44m 13ch	SO155
WMY	86m 20ch	87m 41ch	EA1375 intended from 1 December 2022 but not adopted
WMY	86m 20ch	87m 41ch	EA1575 from 2 July 2023
WNS	0m 00ch	2m 62ch	MD232
WNS	2m 62ch	15m 31ch	LN3232
WOA1	0m 00ch	0m 68ch	NW2011
WOP	35m 15ch	36m 04ch	MD560
WPH1	24m 62ch	66m 18ch	SW110
WPH2	37m 25ch	45m 36ch	SO520
WPH2	37m 25ch	45m 36ch	SW110
WPS	14m 40ch	18m 08ch	NW4009
WRO	0m 03ch	1m 62ch	SC197
WSA	0m 00ch	6m 45ch	MD130
WSB	0m 00ch	3m 22ch	LN706
WSJ1	142m 79ch	143m 52ch	MD801
WSJ2	143m 02ch	170m 46ch	MD801
WSJ2	170m 46ch	199m 00ch	GW731
WSJ2	199m 00ch	212m 02ch	NW3005
WSM	135m 12ch	139m 05ch	GW107
WTH	6m 15ch	6m 41ch	SO658
WTQ	168m 35ch	169m 65ch	SW168
WVL	1m 02ch	14m 20ch	GW770
WWD	84m 08ch	89m 71ch	SC011
WWK	0m 00ch	0m 26ch	LN850
WYE	0m 00ch	1m 13ch	GW704
WYL	94m 76ch	95m 30ch	GW520
WYM	58m 52ch	62m 15ch	LN3201
WYS	0m 00ch	10m 03ch	SC067
XRC	0.000km	11.425km	XR001
XRE	11.333km	14.994km	XR001
XRS	11.333km	25.294km	XR002
XTD	0m 00ch	76m 36ch	SO130
YAT	119m 75ch	121m 28ch	GW400
YAT	119m 75ch	121m 28ch	GW401
YDS	15m 17ch	15m 71ch	LN762
YJP	0m 00ch	1m 12ch	SW178
YKR	0m 00ch	4m 73ch	SC125
YMS	0m 00ch	42m 06ch	LN880
ZZE7	0m 27ch	0m 51ch	SC137
Appleford stone terminal - no ELR	54m 53ch	&ap;55m 24ch	GW254
Keypoint Euroterminal - no ELR	74m 48ch	&ap;75m 18ch	GW468
Llanwern steel works - no ELR	153m 05ch	156m 03ch	GW710
Margam down goods line - no ELR	200m 63ch	201m 20ch	GW887
